	Product Link	1	2	3	4	5	6	7	8	9	10	11	12	13	14	15	16	17	18	19	20	21	22	23	24	25	26	27	28	29	30	31	32	33	34	35	36	37	38	39	40	41	42	43	44	45	46	47	48	49	50	51	52	53	54	55	56	57	58	59	60	61	62	63	64	65	66	67	68	69	70	71	72	73	74	75	76	77	78	79	80	81	82	83	84	85	86	87	88	89	90	91	92	93	94	95	96	97	98
Northeast Collage	https://www.hythacg.com/prints/northeastcollage	x	x	x	x	x	x	x	x	x	x	x	x	x	x	x	x	x	x	x	x	x	x	x	x	x	x	x	x	x	x	x	x	x	x	x	x	x	x	x	x	x	x	x	x	x	x	x	x	x																																																	
Chicago Collage	https://www.hythacg.com/prints/chicago-collage																																																								x	x	x	x	x																																						
Chicago Wallpapers	https://www.hythacg.com/prints/chicago-wallpaper-pack																																																								x	x	x	x	x																																						
Philly Collage																																																																																																			
Philly Wallpapers		x	x	x	x	x	x	x	x	x	x	x	x	x	x	x																																																																																			
Pittsburgh Collage																	x	x	x																																																																			x													
Pittsburgh Wallpapers																	x	x	x																																																																			x													
Buffalo Collage																																																																																																			
Buffalo Wallpapers																							x	x	x	x	x																																																																								
Seattle Collage																																																																																																			
Seattle Wallpaper																																																																								x	x	x	x																								
Newark Collage																																					x	x	x	x																																																											
Newark Wallpapers																																					x	x	x	x																																																											
Detroit Collage																																																																													x	x	x	x	x	x	x	x	x														
Detroit Wallpapers																																																																													x	x	x	x	x	x	x	x	x														